Rego
123HCB,wagyu burger,model,1999,Family,1,Automatic,Petrol,False,False,Black,80
999QWJ,Honda,Odyssey,2014,Commercial,8,Automatic,Diesel,True,False,Grey,130
123ASD,aasdas,ASD,2010,Economy,5,Automatic,Petrol,False,False,Red,50
123ADE,fwef,wefwe,2010,Family,3,Automatic,Petrol,False,False,Black,80
999CCC,Test,TestModel,2018,Economy,4,Automatic,Petrol,True,True,TestColour,100
651WEF,Kia,fastfast,2011,Family,7,Manual,Diesel,False,True,blue,80
984EEF,Mercedes,AMG,2018,Luxury,2,Automatic,Petrol,True,True,yellow,120
